Título,Descripción,Enlace,Fecha de publicación
El evento más impactante de Fortnite tendría a Attack on Titan como protagonista y este vídeo lo demuestra,Así se verían los colosales Titanes dentro del battle royale de Epic Games,https://animanga.es/asi-seria-la-colaboracion-entre-attack-on-titan-y-fortnite-no-124739/,"Thu, 29 Sep 2022 12:16:00 +0200"
El juego perfecto de Pokémon podría llegar en un futuro gracias a una reciente encuesta de Nintendo y sus fans,La Gran N ha querido saber las preferencias de los jugadores con respecto a las próximas entregas de Pokémon,https://pokemaster.es/asi-es-la-encuesta-de-nintendo-sobre-los-proximos-juegos-de-pokemon-no-124738/,"Thu, 29 Sep 2022 10:54:01 +0200"
Steam desvela las fechas para las rebajas más importantes de los próximos meses,Valve ha publicado el calendario de rebajas de Steam con algunos cambios respecto a anteriores temporadas,https://juegosadn.es/steam-revela-fechas-rebajas-mas-importantes-proximos-meses-no-124737/,"Thu, 29 Sep 2022 10:24:11 +0200"
"Skull & Bones y su eterna maldición, el juego de piratas de Ubisoft vuelve a retrasar su lanzamiento","El juego de piratas cumple cinco años en desarrollo, cuando estaba previsto que se lanzara en 2018",https://juegosadn.es/skull-and-bones-eterna-maldicion-juego-piratas-ubisoft-vuelve-retrasar-lanzamiento-no-124736/,"Thu, 29 Sep 2022 09:33:00 +0200"
FIFA 23 TOTW 2: Salah y Marquinhos entre los jugadores del equipo de la semana,Te mostramos todos los jugadores que forman parte del Team Of The Week del popular juego FIFA 23,https://juegosadn.es/totw-fifa-23-equipo-de-la-semana-fifa-23-actualizado-no-124709/,"Thu, 29 Sep 2022 09:23:00 +0200"
Todos los Pokémon de Escarlata y Púrpura confirmados,La novena generación llega con la confirmación de que no todos los Pokémon de anteriores regiones regresarán a Nintendo Switch.,https://pokemaster.es/pokedex-pokemon-escarlata-purpura-ar-3968/,"Wed, 28 Sep 2022 14:11:00 +0200"
Jujutsu Kaisen revela nueva información sobre su segunda temporada: todo lo que debes saber,Las noticias sobre el anime han venido acompañadas de una nueva imagen promocional,https://animanga.es/todo-lo-que-debes-saber-sobre-la-segunda-temporada-de-jujutsu-kaisen-no-124735/,"Wed, 28 Sep 2022 13:07:00 +0200"
Imaginan a los Teleñecos como criaturas de Bloodborne,Así de terroríficos serían estos famosos personajes si formaran parte de Bloodborne,https://juegosadn.es/asi-seria-la-mezcla-entre-los-telenecos-y-los-monstruos-de-bloodborne-no-124733/,"Wed, 28 Sep 2022 11:39:39 +0200"
"Revelado Wigglet, un nuevo Pokémon de Escarlata y Púrpura con gran parecido a Diglett","Sin venir a cuentos, se han revelado nuevos datos de un Pokémon en la web oficial de Pokémon.",https://pokemaster.es/filtrado-un-nuevo-pokemon-en-escarlata-y-purpura-parecido-a-diglett-no-124734/,"Wed, 28 Sep 2022 11:39:00 +0200"
Los personajes de Edgerunners llegan a Cyberpunk 2077 gracias a estos mods,El éxito del anime ha sido tan grande que muchos de sus elementos ya han sido trasladados al juego,https://juegosadn.es/nuevos-mods-en-cyberpunk-2077-permiten-tener-a-personajes-de-edgerunners-no-124732/,"Wed, 28 Sep 2022 10:22:00 +0200"
Scizor y Scyther llegan a Pokémon Unite: estarán disponibles a partir de hoy,El Pokémon tipo bicho y acero llega al juego para revolucionar tu estrategia de combate,https://pokemaster.es/scizor-scyther-llegan-pokemon-unite-disponibles-hoy-no-124730/,"Wed, 28 Sep 2022 09:30:36 +0200"
&quot;Celestial&quot;: La nueva colaboración de Ed Sheeran con Pokémon confirma su estreno con un nuevo vídeo,El cantautor repite la colaboración con la franquicia después del éxito del evento del año pasado,https://pokemaster.es/celestial-nueva-colaboracion-ed-sheeran-pokemon-proxima-semana-no-124712/,"Tue, 27 Sep 2022 12:48:00 +0200"
El E3 regresará presencialmente en 2023 con nuevos organizadores y muchas novedades,La feria de videojuegos más reconocida de la industria se llevará a cabo en Los Ángeles en el mes de junio,https://juegosadn.es/el-e3-volvera-en-2023-con-un-evento-presencial-cargado-de-novedades-no-124728/,"Tue, 27 Sep 2022 12:01:00 +0200"
La serie de The Last of Us muestra un nuevo tráiler lleno de acción y deja al público impactado,La adaptación cinematográfica del videojuego de Naughty Dog llegará a HBO en 2023,https://juegosadn.es/la-serie-de-the-last-of-us-ya-tiene-nuevo-trailer-y-anuncia-su-lanzamiento-no-124727/,"Tue, 27 Sep 2022 10:08:46 +0200"
Pokémon GO: Estos son todos los Pokémon Shiny disponibles,Aquí encontrarás un listado completo de Pokémon Shiny que están disponibles a día de hoy en Pokémon GO,https://pokemaster.es/pokemon-go-shiny-ar-3751/,"Tue, 27 Sep 2022 09:52:00 +0200"
Rurouni Kenshin presenta su nuevo anime con un tráiler muy prometedor,El clásico anime tendrá un reboot de lo más espectacular que se estrenará en 2023,https://animanga.es/rurouni-kenshin-presenta-nuevo-anime-trailer-prometedor-no-124726/,"Tue, 27 Sep 2022 09:34:08 +0200"
Cómo el sector de los juegos de azar atrae inversiones multimillonarias,"Las negociaciones bursátiles y los juegos de azar siempre han sido comparadas, pero hoy en día su intersección es clara: apostar por las empresas de este sector es garantía de ganancias multimillonarias y con grandes expectativas de crecimiento.",https://juegosadn.es/como-el-sector-de-los-juegos-de-azar-atrae-inversiones-multimillonarias-no-124729/,"Mon, 26 Sep 2022 15:30:00 +0200"
El anime de NieR: Automata desvela su primer tráiler y anuncia su ventana de lanzamiento,Esto es todo lo que debes saber sobre NieR Automata Ver 1.1a,https://animanga.es/nier-automata-ver-11a-ya-tiene-trailer-y-ventana-de-lanzamiento-no-124725/,"Mon, 26 Sep 2022 11:31:00 +0200"
Pokémon organiza una exposición de arte en Manchester,El Trafford Centre acogerá una experiencia única ambientada en Pokémon durante un mes,https://pokemaster.es/pokemon-exposicion-arte-manchester-no-124724/,"Mon, 26 Sep 2022 10:25:00 +0200"
La tercera temporada de The Witcher ya tiene ventana de lanzamiento,"Geralt, Ciri y Yennefer vuelven a Netflix para una nueva temporada y una serie precuela",https://juegosadn.es/tercera-temporada-the-witcher-ventana-lanzamiento-no-124723/,"Mon, 26 Sep 2022 09:56:28 +0200"
El evento más impactante de Fortnite tendría a Attack on Titan como protagonista y este vídeo lo demuestra,Así se verían los colosales Titanes dentro del battle royale de Epic Games,https://animanga.es/asi-seria-la-colaboracion-entre-attack-on-titan-y-fortnite-no-124739/,"Thu, 29 Sep 2022 12:16:00 +0200"
El juego perfecto de Pokémon podría llegar en un futuro gracias a una reciente encuesta de Nintendo y sus fans,La Gran N ha querido saber las preferencias de los jugadores con respecto a las próximas entregas de Pokémon,https://pokemaster.es/asi-es-la-encuesta-de-nintendo-sobre-los-proximos-juegos-de-pokemon-no-124738/,"Thu, 29 Sep 2022 10:54:01 +0200"
Steam desvela las fechas para las rebajas más importantes de los próximos meses,Valve ha publicado el calendario de rebajas de Steam con algunos cambios respecto a anteriores temporadas,https://juegosadn.es/steam-revela-fechas-rebajas-mas-importantes-proximos-meses-no-124737/,"Thu, 29 Sep 2022 10:24:11 +0200"
"Skull & Bones y su eterna maldición, el juego de piratas de Ubisoft vuelve a retrasar su lanzamiento","El juego de piratas cumple cinco años en desarrollo, cuando estaba previsto que se lanzara en 2018",https://juegosadn.es/skull-and-bones-eterna-maldicion-juego-piratas-ubisoft-vuelve-retrasar-lanzamiento-no-124736/,"Thu, 29 Sep 2022 09:33:00 +0200"
FIFA 23 TOTW 2: Salah y Marquinhos entre los jugadores del equipo de la semana,Te mostramos todos los jugadores que forman parte del Team Of The Week del popular juego FIFA 23,https://juegosadn.es/totw-fifa-23-equipo-de-la-semana-fifa-23-actualizado-no-124709/,"Thu, 29 Sep 2022 09:23:00 +0200"
Todos los Pokémon de Escarlata y Púrpura confirmados,La novena generación llega con la confirmación de que no todos los Pokémon de anteriores regiones regresarán a Nintendo Switch.,https://pokemaster.es/pokedex-pokemon-escarlata-purpura-ar-3968/,"Wed, 28 Sep 2022 14:11:00 +0200"
Jujutsu Kaisen revela nueva información sobre su segunda temporada: todo lo que debes saber,Las noticias sobre el anime han venido acompañadas de una nueva imagen promocional,https://animanga.es/todo-lo-que-debes-saber-sobre-la-segunda-temporada-de-jujutsu-kaisen-no-124735/,"Wed, 28 Sep 2022 13:07:00 +0200"
Imaginan a los Teleñecos como criaturas de Bloodborne,Así de terroríficos serían estos famosos personajes si formaran parte de Bloodborne,https://juegosadn.es/asi-seria-la-mezcla-entre-los-telenecos-y-los-monstruos-de-bloodborne-no-124733/,"Wed, 28 Sep 2022 11:39:39 +0200"
"Revelado Wigglet, un nuevo Pokémon de Escarlata y Púrpura con gran parecido a Diglett","Sin venir a cuentos, se han revelado nuevos datos de un Pokémon en la web oficial de Pokémon.",https://pokemaster.es/filtrado-un-nuevo-pokemon-en-escarlata-y-purpura-parecido-a-diglett-no-124734/,"Wed, 28 Sep 2022 11:39:00 +0200"
Los personajes de Edgerunners llegan a Cyberpunk 2077 gracias a estos mods,El éxito del anime ha sido tan grande que muchos de sus elementos ya han sido trasladados al juego,https://juegosadn.es/nuevos-mods-en-cyberpunk-2077-permiten-tener-a-personajes-de-edgerunners-no-124732/,"Wed, 28 Sep 2022 10:22:00 +0200"
Scizor y Scyther llegan a Pokémon Unite: estarán disponibles a partir de hoy,El Pokémon tipo bicho y acero llega al juego para revolucionar tu estrategia de combate,https://pokemaster.es/scizor-scyther-llegan-pokemon-unite-disponibles-hoy-no-124730/,"Wed, 28 Sep 2022 09:30:36 +0200"
&quot;Celestial&quot;: La nueva colaboración de Ed Sheeran con Pokémon confirma su estreno con un nuevo vídeo,El cantautor repite la colaboración con la franquicia después del éxito del evento del año pasado,https://pokemaster.es/celestial-nueva-colaboracion-ed-sheeran-pokemon-proxima-semana-no-124712/,"Tue, 27 Sep 2022 12:48:00 +0200"
El E3 regresará presencialmente en 2023 con nuevos organizadores y muchas novedades,La feria de videojuegos más reconocida de la industria se llevará a cabo en Los Ángeles en el mes de junio,https://juegosadn.es/el-e3-volvera-en-2023-con-un-evento-presencial-cargado-de-novedades-no-124728/,"Tue, 27 Sep 2022 12:01:00 +0200"
La serie de The Last of Us muestra un nuevo tráiler lleno de acción y deja al público impactado,La adaptación cinematográfica del videojuego de Naughty Dog llegará a HBO en 2023,https://juegosadn.es/la-serie-de-the-last-of-us-ya-tiene-nuevo-trailer-y-anuncia-su-lanzamiento-no-124727/,"Tue, 27 Sep 2022 10:08:46 +0200"
Pokémon GO: Estos son todos los Pokémon Shiny disponibles,Aquí encontrarás un listado completo de Pokémon Shiny que están disponibles a día de hoy en Pokémon GO,https://pokemaster.es/pokemon-go-shiny-ar-3751/,"Tue, 27 Sep 2022 09:52:00 +0200"
Rurouni Kenshin presenta su nuevo anime con un tráiler muy prometedor,El clásico anime tendrá un reboot de lo más espectacular que se estrenará en 2023,https://animanga.es/rurouni-kenshin-presenta-nuevo-anime-trailer-prometedor-no-124726/,"Tue, 27 Sep 2022 09:34:08 +0200"
Cómo el sector de los juegos de azar atrae inversiones multimillonarias,"Las negociaciones bursátiles y los juegos de azar siempre han sido comparadas, pero hoy en día su intersección es clara: apostar por las empresas de este sector es garantía de ganancias multimillonarias y con grandes expectativas de crecimiento.",https://juegosadn.es/como-el-sector-de-los-juegos-de-azar-atrae-inversiones-multimillonarias-no-124729/,"Mon, 26 Sep 2022 15:30:00 +0200"
El anime de NieR: Automata desvela su primer tráiler y anuncia su ventana de lanzamiento,Esto es todo lo que debes saber sobre NieR Automata Ver 1.1a,https://animanga.es/nier-automata-ver-11a-ya-tiene-trailer-y-ventana-de-lanzamiento-no-124725/,"Mon, 26 Sep 2022 11:31:00 +0200"
Pokémon organiza una exposición de arte en Manchester,El Trafford Centre acogerá una experiencia única ambientada en Pokémon durante un mes,https://pokemaster.es/pokemon-exposicion-arte-manchester-no-124724/,"Mon, 26 Sep 2022 10:25:00 +0200"
La tercera temporada de The Witcher ya tiene ventana de lanzamiento,"Geralt, Ciri y Yennefer vuelven a Netflix para una nueva temporada y una serie precuela",https://juegosadn.es/tercera-temporada-the-witcher-ventana-lanzamiento-no-124723/,"Mon, 26 Sep 2022 09:56:28 +0200"
Vive un agosto de nostalgia noventera con Taito Milestones 2,"<img src=""https://www.gamereactor.dk/media/63/viveunagosto_4016353.jpg"" /><p>El recopilatorio de clásicos llega en formato físico a Nintendo Switch. </p>",https://www.gamereactor.es/vive-un-agosto-de-nostalgia-noventera-con-taito-milestones-2-952033/,"Mon, 08 May 2023 18:39:19 +0200"
James Gunn cree que habrá más películas de Guardianes de la Galaxia en el futuro,"<img src=""https://www.gamereactor.dk/media/58/_4015803.png"" /><p>&quot;Me encantaría que así fuera&quot;. </p>",https://www.gamereactor.es/james-gunn-cree-que-habra-mas-peliculas-de-guardianes-de-la-galaxia-en-el-futuro-952013/,"Mon, 08 May 2023 18:24:58 +0200"
Oppenheimer nos ofrece la mejor imagen hasta la fecha del Proyecto Manhattan,"<img src=""https://www.gamereactor.dk/media/62/oppenheimertrailergives_4016243.jpg"" /><p>Parece que Christopher Nolan firmará otro gran éxito en julio. </p>",https://www.gamereactor.es/oppenheimer-nos-ofrece-la-mejor-imagen-hasta-la-fecha-del-proyecto-manhattan-951913/,"Mon, 08 May 2023 17:28:00 +0200"
Lego lanza una nueva gama de productos inspirada en Star Wars,"<img src=""https://www.gamereactor.dk/media/38/_4013863.png"" /><p>En esta ocasión, estos recrean diversas estructuras vistas en la tercera temporada de Star Wars: The Mandalorian disponible en Disney+. </p>",https://www.gamereactor.es/lego-lanza-una-nueva-gama-de-productos-inspirada-en-star-wars-950823/,"Mon, 08 May 2023 17:08:00 +0200"
"Rumor: Sony se habría asegurado la exclusividad con Konami para Metal Gear Solid, Silent Hill y Castlevania","<img src=""https://www.gamereactor.dk/media/58/_4015873.png"" /><p>El plan de PlayStation para la segunda fase de PS5 va tomando forma. </p>",https://www.gamereactor.es/rumor-sony-se-habria-asegurado-la-exclusividad-con-konami-para-metal-gear-solid-silent-hill-y-castlevania-951993/,"Mon, 08 May 2023 16:48:00 +0200"
Ghostwire Tokyo alcanza los 4 millones de jugadores,"<img src=""https://www.gamereactor.dk/media/26/ghostwiretokyo_3752603.jpg"" /><p>El relanzamiento en Xbox Series le ha sentado bien, al parecer. </p>",https://www.gamereactor.es/ghostwire-tokyo-alcanza-los-4-millones-de-jugadores-951963/,"Mon, 08 May 2023 16:29:30 +0200"
No te pierdas el primer episodio de The Gamereactor Show,"<img src=""https://www.gamereactor.dk/media/25/donu2019tmissfirst_4012583.png"" /><p>Hemos creado un podcast y ya hemos emitido nuestro primer programa de una hora. </p>",https://www.gamereactor.es/no-te-pierdas-el-primer-episodio-de-the-gamereactor-show-949333/,"Mon, 08 May 2023 16:10:22 +0200"
Retro Studios trabaja en algo más aparte de Metroid Prime 4,"<img src=""https://www.gamereactor.dk/media/50/_4015003.jpg"" /><p>No parece que vayamos a ver la continnuación de las aventuras de Samus pronto. </p>",https://www.gamereactor.es/retro-studios-trabaja-en-algo-mas-aparte-de-metroid-prime-4-951983/,"Mon, 08 May 2023 14:30:00 +0200"
Sperasoft estaría trabajando en un nuevo título,"<img src=""https://www.gamereactor.dk/media/61/_4016133.png"" /><p>A falta de más detalles, el título será un RPG de acción en tercera persona ejecutado en Unreal Engine 5. </p>",https://www.gamereactor.es/sperasoft-estaria-trabajando-en-un-nuevo-juego-triple-a-951883/,"Mon, 08 May 2023 14:00:00 +0200"
Yellowstone es oficialmente cancelada,"<img src=""https://www.gamereactor.dk/media/48/yellowstonelagtsner_4014863.jpg"" /><p>Sin embargo, este no será el final del clan de los Dutton. </p>",https://www.gamereactor.es/se-confirma-la-cancelacion-de-yellowstone-951863/,"Mon, 08 May 2023 13:45:00 +0200"
Plaion planea una reestructuración completa durante los dos próximos años,"<img src=""https://www.gamereactor.dk/media/62/_4016253.png"" /><p>Fusionará los estudios de Deep Silver, Prime Matter y Ravenscourt bajo una sola marca. </p>",https://www.gamereactor.es/plaion-planea-una-reestructuracion-completa-durante-los-dos-proximos-anos-951933/,"Mon, 08 May 2023 13:24:00 +0200"
Rumor: Tendremos un PlayStation Showcase a finales de mayo o principios de junio,"<img src=""https://www.gamereactor.dk/media/61/_4006173.jpg"" /><p>Y en dicho evento veríamos también algo importante de Konami, según Andy Robinson. </p>",https://www.gamereactor.es/rumor-tendremos-un-playstation-showcase-a-finales-de-mayo-o-principios-de-junio-951953/,"Mon, 08 May 2023 13:11:35 +0200"
Payday 3: un teaser confirma que el juego se mostrará este verano,"<img src=""https://www.gamereactor.dk/media/39/payday3bekreftet_3933953.jpg"" /><p>Pero, ¿será en el Xbox Games Showcase, en el PlayStation Showcase, el Summer Game Fest o en otro sitio? </p>",https://www.gamereactor.es/payday-3-un-teaser-confirma-que-el-juego-se-mostrara-este-verano-951893/,"Mon, 08 May 2023 12:59:02 +0200"
Rumores: Llegan nuevos accesorios Xbox de edición limitada,"<img src=""https://www.gamereactor.dk/media/45/_3994563.jpg"" /><p>Parece que está previsto un nuevo mando y unos auriculares inalámbricos. </p>",https://www.gamereactor.es/rumor-llegan-nuevos-accesorios-xbox-de-edicion-limitada-951793/,"Mon, 08 May 2023 12:20:50 +0200"
Hogwarts Legacy ha vendido 12 millones de copias y se acerca a los mil millones de recaudación,"<img src=""https://www.gamereactor.dk/media/05/_3980573.png"" /><p>Warner Bros está encantado con el rendimiento del juego en sus primeros tres meses y ya se frota las manos con las nuevas versiones. </p>",https://www.gamereactor.es/hogwarts-legacy-ha-vendido-12-millones-de-copias-y-se-acerca-a-los-mil-millones-de-recaudacion-951833/,"Mon, 08 May 2023 11:33:14 +0200"
Xbox y Seagate anuncian una reducción permanente del precio de las tarjetas de expansión,"<img src=""https://www.gamereactor.dk/media/53/_4015373.png"" /><p>Por fin es más barato ampliar el almacenamiento de tu Xbox, aunque por ahora solo en Estados Unidos. </p>",https://www.gamereactor.es/xbox-y-seagate-anuncian-una-reduccion-permanente-del-precio-de-las-tarjetas-de-expansion-951753/,"Mon, 08 May 2023 11:23:59 +0200"
Se paraliza el rodaje de la quinta temporada de Stranger Things,"<img src=""https://www.gamereactor.dk/media/04/_3840423.jpg"" /><p>La huelga de guionistas afecta de forma fulminante  a películas y series de televisión muy esperadas. </p>",https://www.gamereactor.es/se-paraliza-la-produccion-de-la-temporada-5-de-stranger-things-951723/,"Mon, 08 May 2023 10:40:00 +0200"
Las últimas ofertas de empleo de Compulsion apuntan al inminente anuncio del juego,"<img src=""https://www.gamereactor.dk/media/87/wehappyfew_1408744.jpg"" /><p>Acaban de contratar a un Director de Marca y Comunicación y ahora están buscando un Community Manager. </p>",https://www.gamereactor.es/las-ultimas-ofertas-de-empleo-de-compulsion-apuntan-al-inminente-anuncio-del-juego-951803/,"Mon, 08 May 2023 10:27:51 +0200"
Se filtra un primer tráiler de la película Five Nights At Freddy's,"<img src=""https://www.gamereactor.dk/media/02/_2360243.jpg"" /><p>Scott Cawthon, creador del juego original, ha expresado su malestar por redes sociales y ha agradecido a los fans que se han negado a ver las imágenes. </p>",https://www.gamereactor.es/se-filtra-un-trailer-de-la-pelicula-five-nights-at-freddys-en-internet-951823/,"Mon, 08 May 2023 10:18:00 +0200"
The Lord of the Rings: Gollum tendrá una duración de unas 20 horas,"<img src=""https://www.gamereactor.dk/media/70/storylordrings_3977073.jpg"" /><p>&quot;Los jugadores de aventuras más espabilados podrán terminar el juego aún más rápido, pero recomendamos a todos que se tomen su tiempo y disfruten de la Tierra Media&quot;. </p>",https://www.gamereactor.es/the-lord-of-the-rings-gollum-tendra-una-duracion-de-unas-20-horas-951763/,"Mon, 08 May 2023 10:06:42 +0200"
